{"cameraMode":{"drawMode":0,"name":"Shaded","section":"Shading Mode"},"sceneLighting":true,"audioPlay":false,"sceneViewState":{"showFog":true,"showMaterialUpdate":false,"showSkybox":true,"showFlares":true,"showImageEffects":true,"showParticleSystems":true},"in2DMode":false,"pivot":{"x":0.7252346277236939,"y":4.4779133796691898,"z":-0.5237468481063843},"rotation":{"x":-0.03246498107910156,"y":0.8862925171852112,"z":-0.06286240369081497,"w":-0.4577007591724396},"size":2.5141427516937258,"orthographic":false}